User Query,Action,Resource Sensitivity
Make some changes to the AI sales playbook document.,edit,Restricted
Edit the public open source contribution policy for publication.,edit,Public
Share the security policy on the public portal.,share,Public
Can you get the quota planning for me from the team folder?,download,Restricted
Please share the performance review criteria with department heads.,share,Restricted
Forward the NDA template to the team.,share,Restricted
Please open the public reconciliation procedures file.,read,Public
Download the sales playbook from the website.,download,Public
Erase all versions of the remote work policy document.,delete,Confidential
Update the incident response plan to include new figures.,edit,Confidential
Please delete the sensitive cloud setup guide file.,delete,Confidential
Delete the outdated territory allocation file from the restricted folder.,delete,Restricted
I want to save the public open source contribution policy document.,download,Public
Can you get the vendor checklist for me from the team folder?,download,Restricted
Download the vendor checklist for internal use only.,download,Confidential
Permanently delete the incident response plan from the records.,delete,Restricted
Download the security policy for internal use only.,download,Confidential
Permanently delete the code of conduct from the records.,delete,Restricted
Can you get the DEI strategy for me from the team folder?,download,Restricted
Please download the budget preparation document from the restricted area.,download,Restricted
Please delete the sensitive DEI strategy file.,delete,Confidential
Download the DEI strategy from the website.,download,Public
Please share the cloud setup guide with department heads.,share,Restricted
Let me read the confidential open source contribution policy document.,read,Confidential
I want to save the public territory allocation document.,download,Public
Can you get the quota planning for me from the team folder?,download,Restricted
Revise the confidential system architecture report.,edit,Confidential
Can I delete the general financial statements document?,delete,Public
Share the reconciliation procedures only with the leadership team.,share,Confidential
Read the system architecture and summarize it.,read,Public
Read the incident response plan and summarize it.,read,Public
Let me read the confidential reconciliation procedures document.,read,Confidential
I'd like to read the system architecture document.,read,Public
Please share the DEI strategy with department heads.,share,Restricted
Apply the necessary updates to the quota planning.,edit,Restricted
I'd like to read the open source contribution policy document.,read,Public
Publish the open source contribution policy online.,share,Public
Remove the device provisioning from the system immediately.,delete,Confidential
Please delete the sensitive territory allocation file.,delete,Confidential
Can I download the general incident response plan now?,download,Public
Can I delete the general budget preparation document document?,delete,Public
Download the sensitive incident response plan document from the vault.,download,Confidential
Apply the necessary updates to the open source contribution policy.,edit,Restricted
Can I delete the general device provisioning document?,delete,Public
I need to fetch the cloud setup guide file for analysis.,download,Restricted
Can you edit the restricted territory allocation file?,edit,Restricted
I'd like to read the system architecture document.,read,Public
Publish the device provisioning online.,share,Public
I'd like to read the AI sales playbook from the archive.,read,Restricted
Download the sensitive device provisioning document from the vault.,download,Confidential
Forward the system architecture to the team.,share,Restricted
Publish the reconciliation procedures online.,share,Public
Open and display the quota planning report.,read,Confidential
Let me read the confidential security policy document.,read,Confidential
Make some changes to the vendor checklist document.,edit,Restricted
Share the reconciliation procedures on the public portal.,share,Public
Modify the performance review criteria as needed.,edit,Public
Can I download the general budget preparation document now?,download,Public
Can I download the general performance review criteria now?,download,Public
Please delete the sensitive quota planning file.,delete,Confidential
Can you edit the restricted incident response plan file?,edit,Restricted
Show me the restricted onboarding guide now.,read,Restricted
Share the territory allocation on the public portal.,share,Public
Send the device provisioning to the restricted group.,share,Restricted
I need to review the AI sales playbook before the meeting.,read,Confidential
Download the DEI strategy from the website.,download,Public
Please download the system architecture from the restricted area.,download,Restricted
Can you get the reconciliation procedures for me from the team folder?,download,Restricted
Delete the quota planning PDF from downloads.,delete,Public
Let me read the confidential NDA template document.,read,Confidential
Make revisions to the general performance review criteria.,edit,Public
Modify the sales playbook as needed.,edit,Public
Can you edit the restricted onboarding guide file?,edit,Restricted
Can I delete the general NDA template document?,delete,Public
Please delete the sensitive territory allocation file.,delete,Confidential
Can I delete the general open source contribution policy document?,delete,Public
Forward the open source contribution policy to the team.,share,Restricted
Distribute the quota planning to the core team securely.,share,Confidential
Edit the public vendor checklist for publication.,edit,Public
Can you get the budget preparation document for me from the team folder?,download,Restricted
Download the sensitive open source contribution policy document from the vault.,download,Confidential
Download the onboarding guide from the website.,download,Public
Please share the cloud setup guide with department heads.,share,Restricted
Share the device provisioning on the public portal.,share,Public
Download the incident response plan from the website.,download,Public
Can I delete the general remote work policy document?,delete,Public
Can you edit the restricted security policy file?,edit,Restricted
Please delete the sensitive open source contribution policy file.,delete,Confidential
Make revisions to the general budget preparation document.,edit,Public
Distribute the performance review criteria to all employees.,share,Public
Edit the sensitive security policy file immediately.,edit,Confidential
Make some changes to the sales playbook document.,edit,Restricted
I'd like to read the territory allocation from the archive.,read,Restricted
Make revisions to the general NDA template.,edit,Public
Show me the restricted budget preparation document now.,read,Restricted
Permanently delete the AI sales playbook from the records.,delete,Restricted
Send the system architecture to the restricted group.,share,Restricted
Share the cloud setup guide on the public portal.,share,Public
Publish the DEI strategy online.,share,Public
Revise the confidential NDA template report.,edit,Confidential
Please delete the sensitive vendor checklist file.,delete,Confidential
Please share the device provisioning with department heads.,share,Restricted
Forward the territory allocation to the team.,share,Restricted
I'd like to read the onboarding guide from the archive.,read,Restricted
Can you get the code of conduct for me from the team folder?,download,Restricted
I want to save the public NDA template document.,download,Public
Can I delete the general vendor checklist document?,delete,Public
Can I delete the general performance review criteria document?,delete,Public
Publish the remote work policy online.,share,Public
Download the NDA template from the website.,download,Public
Access the reconciliation procedures and show it to me.,read,Restricted
I want to save the public onboarding guide document.,download,Public
Please open the public incident response plan file.,read,Public
Remove the publicly available AI sales playbook from the site.,delete,Public
Permanently delete the quota planning from the records.,delete,Restricted
Download the system architecture for internal use only.,download,Confidential
Remove the publicly available territory allocation from the site.,delete,Public
Let me read the confidential system architecture document.,read,Confidential
Forward the system architecture to the team.,share,Restricted
Get a copy of the confidential budget preparation document.,download,Confidential
Send the NDA template to the restricted group.,share,Restricted
Edit the sensitive financial statements file immediately.,edit,Confidential
Can we remove the old cloud setup guide doc from shared resources?,delete,Restricted
Distribute the DEI strategy to all employees.,share,Public
Share the DEI strategy on the public portal.,share,Public
Can we remove the old remote work policy doc from shared resources?,delete,Restricted
I'd like to read the device provisioning from the archive.,read,Restricted
Distribute the incident response plan to all employees.,share,Public
Show me the restricted open source contribution policy now.,read,Restricted
Please share the code of conduct with department heads.,share,Restricted
Make revisions to the general cloud setup guide.,edit,Public
Update the AI sales playbook to include new figures.,edit,Confidential
Send the financial statements to the restricted group.,share,Restricted
Download the sensitive system architecture document from the vault.,download,Confidential
Download the sensitive security policy document from the vault.,download,Confidential
Make some changes to the sales playbook document.,edit,Restricted
Publish the territory allocation online.,share,Public
Update the incident response plan to include new figures.,edit,Confidential
Download the budget preparation document for internal use only.,download,Confidential
Edit the public vendor checklist for publication.,edit,Public
Share the vendor checklist only with the leadership team.,share,Confidential
Update the performance review criteria to include new figures.,edit,Confidential
Edit the sensitive onboarding guide file immediately.,edit,Confidential
Remove the publicly available code of conduct from the site.,delete,Public
Let me read the confidential AI sales playbook document.,read,Confidential
Publish the budget preparation document online.,share,Public
Open and display the onboarding guide report.,read,Confidential
Forward the territory allocation to the team.,share,Restricted
Remove the publicly available device provisioning from the site.,delete,Public
Permanently delete the territory allocation from the records.,delete,Restricted
Share the budget preparation document only with the leadership team.,share,Confidential
Modify the open source contribution policy as needed.,edit,Public
Let me read the confidential vendor checklist document.,read,Confidential
I need to review the territory allocation before the meeting.,read,Confidential
Remove the cloud setup guide from the system immediately.,delete,Confidential
Show me the restricted onboarding guide now.,read,Restricted
Can I download the general incident response plan now?,download,Public
Remove the publicly available financial statements from the site.,delete,Public
I'd like to read the reconciliation procedures document.,read,Public
Send the system architecture to the restricted group.,share,Restricted
Can we remove the old AI sales playbook doc from shared resources?,delete,Restricted
Please share the budget preparation document with department heads.,share,Restricted
Access the financial statements and show it to me.,read,Restricted
Please download the quota planning from the restricted area.,download,Restricted
I need to fetch the budget preparation document file for analysis.,download,Restricted
Download the device provisioning from the website.,download,Public
I'd like to read the system architecture from the archive.,read,Restricted
Erase all versions of the budget preparation document document.,delete,Confidential
Download the cloud setup guide from the website.,download,Public
Please share the AI sales playbook with department heads.,share,Restricted
Update the financial statements to include new figures.,edit,Confidential
Download the cloud setup guide from the website.,download,Public
Can you get the remote work policy for me from the team folder?,download,Restricted
Send the performance review criteria to the restricted group.,share,Restricted
Distribute the territory allocation to all employees.,share,Public
Access the performance review criteria and show it to me.,read,Restricted
Send the vendor checklist to internal stakeholders.,share,Confidential
Access the AI sales playbook and show it to me.,read,Restricted
I need to review the sales playbook before the meeting.,read,Confidential
Can you get the open source contribution policy for me from the team folder?,download,Restricted
I'd like to read the quota planning document.,read,Public
Show me the restricted device provisioning now.,read,Restricted
Can you edit the restricted security policy file?,edit,Restricted
I'd like to read the system architecture from the archive.,read,Restricted
Share the financial statements on the public portal.,share,Public
Revise the confidential vendor checklist report.,edit,Confidential
I need to fetch the system architecture file for analysis.,download,Restricted
I'd like to read the vendor checklist document.,read,Public
Can we remove the old quota planning doc from shared resources?,delete,Restricted
Remove the publicly available budget preparation document from the site.,delete,Public
Apply the necessary updates to the reconciliation procedures.,edit,Restricted
Distribute the incident response plan to the core team securely.,share,Confidential
Download the NDA template for internal use only.,download,Confidential
Apply the necessary updates to the quota planning.,edit,Restricted
I'd like to read the quota planning from the archive.,read,Restricted
Modify the budget preparation document as needed.,edit,Public
I want to save the public performance review criteria document.,download,Public
Read the security policy and summarize it.,read,Public
Forward the system architecture to the team.,share,Restricted
Permanently delete the financial statements from the records.,delete,Restricted
Please share the reconciliation procedures with department heads.,share,Restricted
Publish the financial statements online.,share,Public
Please download the NDA template from the restricted area.,download,Restricted
Please open the public incident response plan file.,read,Public
I'd like to read the quota planning from the archive.,read,Restricted
Edit the sensitive vendor checklist file immediately.,edit,Confidential
Get a copy of the confidential DEI strategy.,download,Confidential
Download the onboarding guide for internal use only.,download,Confidential
Delete the outdated incident response plan file from the restricted folder.,delete,Restricted
Send the NDA template to the restricted group.,share,Restricted
Can I download the general AI sales playbook now?,download,Public
I'd like to read the onboarding guide from the archive.,read,Restricted
Publish the quota planning online.,share,Public
Permanently delete the open source contribution policy from the records.,delete,Restricted
Publish the budget preparation document online.,share,Public
Download the budget preparation document for internal use only.,download,Confidential
Remove the incident response plan from the system immediately.,delete,Confidential
I'd like to read the system architecture from the archive.,read,Restricted
Send the sales playbook to internal stakeholders.,share,Confidential
Edit the sensitive security policy file immediately.,edit,Confidential
Please download the vendor checklist from the restricted area.,download,Restricted
Revise the confidential device provisioning report.,edit,Confidential
Download the open source contribution policy for internal use only.,download,Confidential
Please share the remote work policy with department heads.,share,Restricted
Erase all versions of the budget preparation document document.,delete,Confidential
Make some changes to the onboarding guide document.,edit,Restricted
Please download the incident response plan from the restricted area.,download,Restricted
Access the cloud setup guide and show it to me.,read,Restricted
Download the system architecture from the website.,download,Public
Get a copy of the confidential incident response plan.,download,Confidential
Edit the sensitive incident response plan file immediately.,edit,Confidential
Can I delete the general performance review criteria document?,delete,Public
Make some changes to the vendor checklist document.,edit,Restricted
Erase all versions of the remote work policy document.,delete,Confidential
Download the sensitive performance review criteria document from the vault.,download,Confidential
Can you get the device provisioning for me from the team folder?,download,Restricted
Apply the necessary updates to the AI sales playbook.,edit,Restricted
Make some changes to the code of conduct document.,edit,Restricted
Open and display the system architecture report.,read,Confidential
Can we remove the old remote work policy doc from shared resources?,delete,Restricted
Download the cloud setup guide from the website.,download,Public
Please share the quota planning with department heads.,share,Restricted
I'd like to read the vendor checklist from the archive.,read,Restricted
Please delete the sensitive sales playbook file.,delete,Confidential
Revise the confidential quota planning report.,edit,Confidential
I'd like to read the territory allocation from the archive.,read,Restricted
Can I download the general onboarding guide now?,download,Public
I need to review the onboarding guide before the meeting.,read,Confidential
Make revisions to the general onboarding guide.,edit,Public
Please share the budget preparation document with department heads.,share,Restricted
Send the device provisioning to internal stakeholders.,share,Confidential
Publish the cloud setup guide online.,share,Public
Apply the necessary updates to the territory allocation.,edit,Restricted
Share the performance review criteria only with the leadership team.,share,Confidential
Distribute the territory allocation to all employees.,share,Public
I'd like to read the cloud setup guide document.,read,Public
I'd like to read the incident response plan document.,read,Public
Share the code of conduct on the public portal.,share,Public
Please open the public reconciliation procedures file.,read,Public
Permanently delete the device provisioning from the records.,delete,Restricted
Get a copy of the confidential device provisioning.,download,Confidential
I need to fetch the open source contribution policy file for analysis.,download,Restricted
Let me read the confidential onboarding guide document.,read,Confidential
Can you edit the restricted financial statements file?,edit,Restricted
Permanently delete the budget preparation document from the records.,delete,Restricted
Apply the necessary updates to the sales playbook.,edit,Restricted
I'd like to read the incident response plan from the archive.,read,Restricted
Download the sensitive open source contribution policy document from the vault.,download,Confidential
Erase all versions of the AI sales playbook document.,delete,Confidential
Modify the sales playbook as needed.,edit,Public
Edit the sensitive reconciliation procedures file immediately.,edit,Confidential
I'd like to read the security policy from the archive.,read,Restricted
Can I download the general budget preparation document now?,download,Public
Please share the cloud setup guide with department heads.,share,Restricted
Please open the public incident response plan file.,read,Public
Share the vendor checklist on the public portal.,share,Public
Download the AI sales playbook from the website.,download,Public
Can I download the general onboarding guide now?,download,Public
Permanently delete the open source contribution policy from the records.,delete,Restricted
Download the sensitive system architecture document from the vault.,download,Confidential
Remove the system architecture from the system immediately.,delete,Confidential
Show me the restricted quota planning now.,read,Restricted
Make some changes to the reconciliation procedures document.,edit,Restricted
Remove the open source contribution policy from the system immediately.,delete,Confidential
Delete the outdated open source contribution policy file from the restricted folder.,delete,Restricted
Show me the restricted budget preparation document now.,read,Restricted
I want to save the public open source contribution policy document.,download,Public
Please share the device provisioning with department heads.,share,Restricted
Make revisions to the general security policy.,edit,Public
Make some changes to the sales playbook document.,edit,Restricted
Can you get the cloud setup guide for me from the team folder?,download,Restricted
Remove the security policy from the system immediately.,delete,Confidential
Let me read the confidential system architecture document.,read,Confidential
Delete the sales playbook PDF from downloads.,delete,Public
Can I delete the general AI sales playbook document?,delete,Public
Forward the reconciliation procedures to the team.,share,Restricted
Share the quota planning only with the leadership team.,share,Confidential
Share the AI sales playbook on the public portal.,share,Public
Edit the sensitive security policy file immediately.,edit,Confidential
Download the incident response plan for internal use only.,download,Confidential
Can you get the device provisioning for me from the team folder?,download,Restricted
Can we remove the old cloud setup guide doc from shared resources?,delete,Restricted
Revise the confidential quota planning report.,edit,Confidential
Publish the cloud setup guide online.,share,Public
Share the incident response plan on the public portal.,share,Public
Delete the code of conduct PDF from downloads.,delete,Public
Can we remove the old code of conduct doc from shared resources?,delete,Restricted
Remove the sales playbook from the system immediately.,delete,Confidential
Get a copy of the confidential financial statements.,download,Confidential
Download the NDA template from the website.,download,Public
Erase all versions of the onboarding guide document.,delete,Confidential
Open and display the remote work policy report.,read,Confidential
Get a copy of the confidential device provisioning.,download,Confidential
Apply the necessary updates to the vendor checklist.,edit,Restricted
Share the NDA template on the public portal.,share,Public
Make revisions to the general onboarding guide.,edit,Public
Can you get the incident response plan for me from the team folder?,download,Restricted
Make some changes to the security policy document.,edit,Restricted
Make revisions to the general territory allocation.,edit,Public
Can I download the general system architecture now?,download,Public
Send the onboarding guide to the restricted group.,share,Restricted
Get a copy of the confidential financial statements.,download,Confidential
Publish the sales playbook online.,share,Public
Make some changes to the NDA template document.,edit,Restricted
Edit the public DEI strategy for publication.,edit,Public
I'd like to read the security policy document.,read,Public
Show me the restricted vendor checklist now.,read,Restricted
Download the sensitive code of conduct document from the vault.,download,Confidential
Remove the sales playbook from the system immediately.,delete,Confidential
Delete the outdated incident response plan file from the restricted folder.,delete,Restricted
Erase all versions of the quota planning document.,delete,Confidential
Delete the outdated budget preparation document file from the restricted folder.,delete,Restricted
Share the onboarding guide on the public portal.,share,Public
Download the sensitive vendor checklist document from the vault.,download,Confidential
Get a copy of the confidential sales playbook.,download,Confidential
Access the DEI strategy and show it to me.,read,Restricted
Download the remote work policy for internal use only.,download,Confidential
Can I delete the general NDA template document?,delete,Public
Can you get the sales playbook for me from the team folder?,download,Restricted
Get a copy of the confidential onboarding guide.,download,Confidential
I need to fetch the onboarding guide file for analysis.,download,Restricted
I need to review the budget preparation document before the meeting.,read,Confidential
Edit the sensitive performance review criteria file immediately.,edit,Confidential
Send the vendor checklist to internal stakeholders.,share,Confidential
Can I delete the general remote work policy document?,delete,Public
Please delete the sensitive vendor checklist file.,delete,Confidential
Open and display the system architecture report.,read,Confidential
Please share the performance review criteria with department heads.,share,Restricted
Show me the restricted sales playbook now.,read,Restricted
Download the sensitive performance review criteria document from the vault.,download,Confidential
Share the onboarding guide only with the leadership team.,share,Confidential
Download the remote work policy from the website.,download,Public
Remove the publicly available financial statements from the site.,delete,Public
Distribute the onboarding guide to all employees.,share,Public
Remove the budget preparation document from the system immediately.,delete,Confidential
Make revisions to the general quota planning.,edit,Public
Download the onboarding guide for internal use only.,download,Confidential
Can you edit the restricted remote work policy file?,edit,Restricted
Can I delete the general code of conduct document?,delete,Public
Access the vendor checklist and show it to me.,read,Restricted
Download the sales playbook for internal use only.,download,Confidential
Make revisions to the general reconciliation procedures.,edit,Public
Distribute the vendor checklist to all employees.,share,Public
Please open the public remote work policy file.,read,Public
Erase all versions of the financial statements document.,delete,Confidential
Publish the vendor checklist online.,share,Public
Permanently delete the onboarding guide from the records.,delete,Restricted
Show me the restricted incident response plan now.,read,Restricted
Please share the performance review criteria with department heads.,share,Restricted
Download the quota planning from the website.,download,Public
Can you get the performance review criteria for me from the team folder?,download,Restricted
Can I download the general territory allocation now?,download,Public
Modify the budget preparation document as needed.,edit,Public
Please share the performance review criteria with department heads.,share,Restricted
Download the sensitive onboarding guide document from the vault.,download,Confidential
Get a copy of the confidential system architecture.,download,Confidential
Please share the cloud setup guide with department heads.,share,Restricted
Can you edit the restricted AI sales playbook file?,edit,Restricted
Delete the outdated DEI strategy file from the restricted folder.,delete,Restricted
Make some changes to the vendor checklist document.,edit,Restricted
Forward the code of conduct to the team.,share,Restricted
Apply the necessary updates to the DEI strategy.,edit,Restricted
Make revisions to the general cloud setup guide.,edit,Public
Remove the publicly available incident response plan from the site.,delete,Public
Show me the restricted open source contribution policy now.,read,Restricted
Erase all versions of the security policy document.,delete,Confidential
Read the code of conduct and summarize it.,read,Public
Download the onboarding guide for internal use only.,download,Confidential
Delete the outdated remote work policy file from the restricted folder.,delete,Restricted
Update the vendor checklist to include new figures.,edit,Confidential
I need to review the budget preparation document before the meeting.,read,Confidential
Publish the budget preparation document online.,share,Public
Remove the quota planning from the system immediately.,delete,Confidential
Download the sensitive financial statements document from the vault.,download,Confidential
Download the cloud setup guide from the website.,download,Public
Edit the sensitive quota planning file immediately.,edit,Confidential
Delete the outdated financial statements file from the restricted folder.,delete,Restricted
Revise the confidential territory allocation report.,edit,Confidential
Update the financial statements to include new figures.,edit,Confidential
Get a copy of the confidential sales playbook.,download,Confidential
Edit the sensitive security policy file immediately.,edit,Confidential
Make some changes to the system architecture document.,edit,Restricted
Download the reconciliation procedures from the website.,download,Public
Forward the AI sales playbook to the team.,share,Restricted
Erase all versions of the budget preparation document document.,delete,Confidential
Can you get the budget preparation document for me from the team folder?,download,Restricted
Download the vendor checklist from the website.,download,Public
Get a copy of the confidential onboarding guide.,download,Confidential
Apply the necessary updates to the quota planning.,edit,Restricted
Distribute the budget preparation document to the core team securely.,share,Confidential
Share the code of conduct only with the leadership team.,share,Confidential
Publish the system architecture online.,share,Public
Please share the open source contribution policy with department heads.,share,Restricted
Can I delete the general device provisioning document?,delete,Public
Make revisions to the general onboarding guide.,edit,Public
Permanently delete the remote work policy from the records.,delete,Restricted
Please delete the sensitive remote work policy file.,delete,Confidential
Delete the outdated open source contribution policy file from the restricted folder.,delete,Restricted
Download the performance review criteria for internal use only.,download,Confidential
Share the cloud setup guide only with the leadership team.,share,Confidential
Delete the cloud setup guide PDF from downloads.,delete,Public
Can I download the general onboarding guide now?,download,Public
Delete the DEI strategy PDF from downloads.,delete,Public
I'd like to read the NDA template from the archive.,read,Restricted
Make revisions to the general remote work policy.,edit,Public
Share the reconciliation procedures on the public portal.,share,Public
Please open the public AI sales playbook file.,read,Public
Forward the performance review criteria to the team.,share,Restricted
Open and display the territory allocation report.,read,Confidential
Access the security policy and show it to me.,read,Restricted
Apply the necessary updates to the remote work policy.,edit,Restricted
Forward the onboarding guide to the team.,share,Restricted
Access the territory allocation and show it to me.,read,Restricted
I want to save the public system architecture document.,download,Public
Make revisions to the general system architecture.,edit,Public
Modify the budget preparation document as needed.,edit,Public
Distribute the onboarding guide to the core team securely.,share,Confidential
Remove the reconciliation procedures from the system immediately.,delete,Confidential
Download the system architecture for internal use only.,download,Confidential
Share the AI sales playbook only with the leadership team.,share,Confidential
Download the sensitive code of conduct document from the vault.,download,Confidential
Publish the onboarding guide online.,share,Public
Download the performance review criteria from the website.,download,Public
Publish the sales playbook online.,share,Public
Share the vendor checklist only with the leadership team.,share,Confidential
Show me the restricted sales playbook now.,read,Restricted
Revise the confidential budget preparation document report.,edit,Confidential
Can I delete the general performance review criteria document?,delete,Public
Send the vendor checklist to the restricted group.,share,Restricted
Share the system architecture on the public portal.,share,Public
Show me the restricted onboarding guide now.,read,Restricted
Show me the restricted open source contribution policy now.,read,Restricted
Distribute the quota planning to the core team securely.,share,Confidential
Make revisions to the general remote work policy.,edit,Public
I need to fetch the budget preparation document file for analysis.,download,Restricted
Can I delete the general AI sales playbook document?,delete,Public
Make revisions to the general sales playbook.,edit,Public
Can we remove the old security policy doc from shared resources?,delete,Restricted
Remove the publicly available security policy from the site.,delete,Public
Download the NDA template from the website.,download,Public
Make revisions to the general budget preparation document.,edit,Public
Can you edit the restricted quota planning file?,edit,Restricted
Make some changes to the reconciliation procedures document.,edit,Restricted
Let me read the confidential system architecture document.,read,Confidential
Get a copy of the confidential quota planning.,download,Confidential
Access the reconciliation procedures and show it to me.,read,Restricted
Edit the sensitive sales playbook file immediately.,edit,Confidential
Download the security policy from the website.,download,Public
Edit the public vendor checklist for publication.,edit,Public
Permanently delete the reconciliation procedures from the records.,delete,Restricted
Remove the performance review criteria from the system immediately.,delete,Confidential
Download the sensitive financial statements document from the vault.,download,Confidential
Share the device provisioning only with the leadership team.,share,Confidential
Open and display the DEI strategy report.,read,Confidential
Make some changes to the NDA template document.,edit,Restricted
Permanently delete the DEI strategy from the records.,delete,Restricted
Share the code of conduct only with the leadership team.,share,Confidential
Download the sensitive NDA template document from the vault.,download,Confidential
I need to review the budget preparation document before the meeting.,read,Confidential
Access the quota planning and show it to me.,read,Restricted
Get a copy of the confidential AI sales playbook.,download,Confidential
Please download the AI sales playbook from the restricted area.,download,Restricted
Download the open source contribution policy from the website.,download,Public
Read the vendor checklist and summarize it.,read,Public
I'd like to read the device provisioning from the archive.,read,Restricted
Open and display the open source contribution policy report.,read,Confidential
Send the budget preparation document to internal stakeholders.,share,Confidential
I need to fetch the performance review criteria file for analysis.,download,Restricted
Download the sensitive DEI strategy document from the vault.,download,Confidential
Can you edit the restricted budget preparation document file?,edit,Restricted
Share the onboarding guide only with the leadership team.,share,Confidential
Distribute the code of conduct to the core team securely.,share,Confidential
Can you edit the restricted sales playbook file?,edit,Restricted
Can you edit the restricted device provisioning file?,edit,Restricted
Remove the publicly available incident response plan from the site.,delete,Public
I need to fetch the performance review criteria file for analysis.,download,Restricted
Read the DEI strategy and summarize it.,read,Public
Apply the necessary updates to the reconciliation procedures.,edit,Restricted
Delete the territory allocation PDF from downloads.,delete,Public
I'd like to read the sales playbook from the archive.,read,Restricted
